<scpd>
    <serviceStateTable>
        <stateVariable sendEvents="no">
            <name>InsecureOOBAccessEnabled</name>
            <dataType>boolean</dataType>
        </stateVariable>
        <stateVariable sendEvents="no">
            <name>Enable</name>
            <dataType>boolean</dataType>
        </stateVariable>
        <stateVariable sendEvents="no">
            <name>SSID</name>
            <dataType>string</dataType>
        </stateVariable>
        <stateVariable sendEvents="no">
            <name>BSSID</name>
            <dataType>string</dataType>
        </stateVariable>
        <stateVariable sendEvents="no">
            <name>BeaconType</name>
            <dataType>string</dataType>
            <allowedValueList>
                <allowedValue>None</allowedValue>
                <allowedValue>Basic</allowedValue>
                <allowedValue>WPA</allowedValue>
                <allowedValue>11i</allowedValue>
                <allowedValue>BasicandWPA</allowedValue>
                <allowedValue>Basicand11i</allowedValue>
                <allowedValue>WPAand11i</allowedValue>
                <allowedValue>BasicandWPAand11i</allowedValue>
            </allowedValueList>
        </stateVariable>
        <stateVariable sendEvents="no">
            <name>BeaconAdvertisementEnabled</name>
            <dataType>boolean</dataType>
        </stateVariable>
      <stateVariable sendEvents="no">
            <name>RadioEnabled</name>
            <dataType>boolean</dataType>
        </stateVariable>
        <stateVariable sendEvents="no">
            <name>LocationDescription</name>
            <dataType>string</dataType>
        </stateVariable>
        <stateVariable sendEvents="no">
            <name>RegulatoryDomain</name>
            <dataType>string</dataType>
        </stateVariable>
        <stateVariable sendEvents="no">
            <name>TotalPSKFailures</name>
            <dataType>ui4</dataType>
        </stateVariable>
        <stateVariable sendEvents="no">
            <name>TotalIntegrityFailures</name>
            <dataType>ui4</dataType>
        </stateVariable>
        <stateVariable sendEvents="no">
            <name>Channel</name>
            <dataType>ui1</dataType>
        </stateVariable>
        <stateVariable sendEvents="no">
            <name>PossibleChannels</name>
            <dataType>string</dataType>
        </stateVariable>
        <stateVariable sendEvents="no">
            <name>ChannelsInUse</name>
            <dataType>string</dataType>
        </stateVariable>
        <stateVariable sendEvents="no">
            <name>DeviceOperationMode</name>
            <dataType>string</dataType>
            <allowedValueList>
                <allowedValue>InfrastructureAccessPoint</allowedValue>
                <allowedValue>WirelessBridgePointToPoint</allowedValue>
                <allowedValue>WirelessBridgePointToMultipoint</allowedValue>
                <allowedValue>WirelessRepeater</allowedValue>
                <allowedValue>WirelessSTA</allowedValue>
            </allowedValueList>
        </stateVariable>
        <stateVariable sendEvents="no">
            <name>DistanceFromRoot</name>
            <dataType>ui1</dataType>
        </stateVariable>
        <stateVariable sendEvents="no">
            <name>PeerBSSID</name>
            <dataType>string</dataType>
        </stateVariable>
        <stateVariable sendEvents="no">
            <name>BasicDataTransmitRates</name>
            <dataType>string</dataType>
        </stateVariable>
        <stateVariable sendEvents="no">
            <name>OperationalDataTransmitRates</name>
            <dataType>string</dataType>
        </stateVariable>
        <stateVariable sendEvents="no">
            <name>PossibleDataTransmitRates</name>
            <dataType>string</dataType>
        </stateVariable>
        <stateVariable sendEvents="no">
            <name>AutoRateFallBackEnabled</name>
            <dataType>boolean</dataType>
        </stateVariable>
        <stateVariable sendEvents="no">
            <name>TotalBytesSent</name>
            <dataType>ui4</dataType>
        </stateVariable>
        <stateVariable sendEvents="no">
            <name>TotalBytesReceived</name>
            <dataType>ui4</dataType>
        </stateVariable>
        <stateVariable sendEvents="no">
            <name>TotalPacketsSent</name>
            <dataType>ui4</dataType>
        </stateVariable>
        <stateVariable sendEvents="no">
            <name>TotalPacketsReceived</name>
            <dataType>ui4</dataType>
        </stateVariable>
        <stateVariable sendEvents="no">
            <name>TotalAssociations</name>
            <dataType>ui2</dataType>
        </stateVariable>
        <stateVariable sendEvents="no">
            <name>AssociatedDeviceMACAddress</name>
            <dataType>string</dataType>
        </stateVariable>
        <stateVariable sendEvents="no">
            <name>AssociatedDeviceIPAddress</name>
            <dataType>string</dataType>
        </stateVariable>
        <stateVariable sendEvents="no">
            <name>AssociatedDeviceAuthState</name>
            <dataType>boolean</dataType>
        </stateVariable>
        <stateVariable sendEvents="no">
            <name>AuthenticationServiceMode</name>
            <dataType>string</dataType>
            <allowedValueList>
                <allowedValue>None</allowedValue>
                <allowedValue>LinkAuthentication</allowedValue>
                <allowedValue>RadiusClient</allowedValue>
            </allowedValueList>
        </stateVariable>
        <stateVariable sendEvents="no">
            <name>WEPKeyIndex</name>
            <dataType>ui1</dataType>
        </stateVariable>
        <stateVariable sendEvents="no">
            <name>WEPKey</name>
            <dataType>string</dataType>
        </stateVariable>
        <stateVariable sendEvents="no">
            <name>KeyPassphrase</name>
            <dataType>string</dataType>
        </stateVariable>
        <stateVariable sendEvents="no">
            <name>WEPEncryptionLevel</name>
            <dataType>string</dataType>
            <allowedValueList>
                <allowedValue>Disabled</allowedValue>
                <allowedValue>40-bit</allowedValue>
                <allowedValue>104-bit</allowedValue>
            </allowedValueList>
        </stateVariable>
        <stateVariable sendEvents="no">
            <name>PreSharedKey</name>
            <dataType>string</dataType>
        </stateVariable>
        <stateVariable sendEvents="no">
            <name>PreSharedKeyIndex</name>
            <dataType>ui1</dataType>
        </stateVariable>
        <stateVariable sendEvents="no">
            <name>BasicEncryptionModes</name>
            <dataType>string</dataType>
            <allowedValueList>
                <allowedValue>None</allowedValue>
                <allowedValue>WEPEncryption</allowedValue>
            </allowedValueList>
        </stateVariable>
        <stateVariable sendEvents="no">
            <name>BasicAuthenticationMode</name>
            <dataType>string</dataType>
            <allowedValueList>
                <allowedValue>None</allowedValue>
                <allowedValue>EAPAuthentication</allowedValue>
            </allowedValueList>
        </stateVariable>
        <stateVariable sendEvents="no">
            <name>WPAEncryptionModes</name>
            <dataType>string</dataType>
            <allowedValueList>
                <allowedValue>WEPEncryption</allowedValue>
                <allowedValue>TKIPEncryption</allowedValue>
                <allowedValue>WEPandTKIPEncryption</allowedValue>
                <allowedValue>AESEncryption</allowedValue>
                <allowedValue>WEPandAESEncryption</allowedValue>
                <allowedValue>TKIPandAESEncryption</allowedValue>
                <allowedValue>WEPandTKIPandAESEncryption</allowedValue>
            </allowedValueList>
        </stateVariable>
        <stateVariable sendEvents="no">
            <name>WPAAuthenticationMode</name>
            <dataType>string</dataType>
            <allowedValueList>
                <allowedValue>PSKAuthentication</allowedValue>
                <allowedValue>EAPAuthentication</allowedValue>
            </allowedValueList>
        </stateVariable>
        <stateVariable sendEvents="no">
            <name>IEEE11iEncryptionModes</name>
            <dataType>string</dataType>
            <allowedValueList>
                <allowedValue>WEPEncryption</allowedValue>
                <allowedValue>TKIPEncryption</allowedValue>
                <allowedValue>WEPandTKIPEncryption</allowedValue>
                <allowedValue>AESEncryption</allowedValue>
                <allowedValue>WEPandAESEncryption</allowedValue>
                <allowedValue>TKIPandAESEncryption</allowedValue>
                <allowedValue>WEPandTKIPandAESEncryption</allowedValue>
            </allowedValueList>
        </stateVariable>
        <stateVariable sendEvents="no">
            <name>IEEE11iAuthenticationMode</name>
            <dataType>string</dataType>
            <allowedValueList>
                <allowedValue>PSKAuthentication</allowedValue>
                <allowedValue>EAPAuthentication</allowedValue>
                <allowedValue>EAPandPSKAuthentication</allowedValue>
            </allowedValueList>
        </stateVariable>
        <stateVariable sendEvents="no">
            <name>LastRequestedUnicastCipher</name>
            <dataType>string</dataType>
        </stateVariable>
        <stateVariable sendEvents="no">
            <name>LastRequestedMulticastCipher</name>
            <dataType>string</dataType>
        </stateVariable>
        <stateVariable sendEvents="no">
            <name>LastPMKId</name>
            <dataType>string</dataType>
        </stateVariable>
		<stateVariable sendEvents="no">
            <name>X_OperatingFrequencyBand</name>
            <dataType>string</dataType>
        </stateVariable>
    </serviceStateTable>
    <actionList>
        <action>
            <Optional />
            <name>SetInsecureOutOfBandAccessMode</name>
            <argumentList>
                <argument>
                    <name>NewInsecureOOBAccessEnabled</name>
                    <direction>in</direction>
                  <relatedStateVariable>InsecureOOBAccessEnabled</relatedStateVariable>
                </argument>
            </argumentList>
        </action>
        <action>
            <Optional />
            <name>GetInsecureOutOfBandAccessMode</name>
            <argumentList>
                <argument>
                    <name>NewInsecureOOBAccessEnabled</name>
                    <direction>out</direction>
                  <relatedStateVariable>InsecureOOBAccessEnabled</relatedStateVariable>
                </argument>
            </argumentList>
        </action>
        <action>
            <name>SetEnable</name>
            <argumentList>
                <argument>
                    <name>NewEnable</name>
                    <direction>in</direction>
                    <relatedStateVariable>Enable</relatedStateVariable>
                </argument>
            </argumentList>
        </action>
        <action>
            <name>SetSSID</name>
            <argumentList>
                <argument>
                    <name>NewSSID</name>
                    <direction>in</direction>
                    <relatedStateVariable>SSID</relatedStateVariable>
                </argument>
            </argumentList>
        </action>
        <action>
            <name>GetSSID</name>
            <argumentList>
                <argument>
                    <name>NewSSID</name>
                    <direction>out</direction>
                    <relatedStateVariable>SSID</relatedStateVariable>
                </argument>
            </argumentList>
        </action>
		<action>
            <name>GetInfo</name>
            <argumentList>
                <argument>
                    <name>NewEnable</name>
                    <direction>out</direction>
                    <relatedStateVariable>Enable</relatedStateVariable>
                </argument>
				<argument>
                    <name>NewChannel</name>
                    <direction>out</direction>
                    <relatedStateVariable>Channel</relatedStateVariable>
                </argument>
				<argument>
                    <name>NewSSID</name>
                    <direction>out</direction>
                    <relatedStateVariable>SSID</relatedStateVariable>
                </argument>
				<argument>
                    <name>NewBeaconType</name>
                    <direction>out</direction>
                    <relatedStateVariable>BeaconType</relatedStateVariable>
                </argument>
				<argument>
                    <name>NewBSSID</name>
                    <direction>out</direction>
                    <relatedStateVariable>BSSID</relatedStateVariable>
                </argument>				
				<argument>
                    <name>NewBasicEncryptionModes</name>
                    <direction>out</direction>
                    <relatedStateVariable>BasicEncryptionModes</relatedStateVariable>
                </argument>
				<argument>
                    <name>NewBasicAuthenticationMode</name>
                    <direction>out</direction>
                    <relatedStateVariable>BasicAuthenticationMode</relatedStateVariable>
                </argument>
				<argument>
                    <name>NewX_OperatingFrequencyBand</name>
                    <direction>out</direction>
                    <relatedStateVariable>X_OperatingFrequencyBand</relatedStateVariable>
                </argument>	
            </argumentList>
        </action>
        <action>
            <name>GetBSSID</name>
            <argumentList>
                <argument>
                    <name>NewBSSID</name>
                    <direction>out</direction>
                    <relatedStateVariable>BSSID</relatedStateVariable>
                </argument>
            </argumentList>
        </action>
        <action>
            <name>SetBeaconType</name>
            <argumentList>
                <argument>
                    <name>NewBeaconType</name>
                    <direction>in</direction>
                    <relatedStateVariable>BeaconType</relatedStateVariable>
                </argument>
            </argumentList>
        </action>
        <action>
            <name>GetBeaconType</name>
            <argumentList>
                <argument>
                    <name>NewBeaconType</name>
                    <direction>out</direction>
                    <relatedStateVariable>BeaconType</relatedStateVariable>
                </argument>
            </argumentList>
        </action>
        <action>
            <Optional />
            <name>SetLocationDescription</name>
            <argumentList>
                <argument>
                    <name>NewLocationDescription</name>
                    <direction>in</direction>
                  <relatedStateVariable>LocationDescription</relatedStateVariable>
                </argument>
            </argumentList>
        </action>
        <action>
            <Optional />
            <name>GetLocationDescription</name>
            <argumentList>
                <argument>
                    <name>NewLocationDescription</name>
                    <direction>out</direction>
                  <relatedStateVariable>LocationDescription</relatedStateVariable>
                </argument>
            </argumentList>
        </action>
        <action>
            <Optional />
            <name>SetRegulatoryDomain</name>
            <argumentList>
                <argument>
                    <name>NewRegulatoryDomain</name>
                    <direction>in</direction>
                  <relatedStateVariable>RegulatoryDomain</relatedStateVariable>
                </argument>
            </argumentList>
        </action>
        <action>
            <Optional />
            <name>GetRegulatoryDomain</name>
            <argumentList>
                <argument>
                    <name>NewRegulatoryDomain</name>
                    <direction>out</direction>
                  <relatedStateVariable>RegulatoryDomain</relatedStateVariable>
                </argument>
            </argumentList>
        </action>
        <action>
            <Optional />
            <name>GetFailureStatusInfo</name>
            <argumentList>
                <argument>
                    <name>NewTotalIntegrityFailures</name>
                    <direction>out</direction>
               <relatedStateVariable>TotalIntegrityFailures</relatedStateVariable>
                </argument>
                <argument>
                    <name>NewTotalPSKFailures</name>
                    <direction>out</direction>
                    <relatedStateVariable>TotalPSKFailures</relatedStateVariable>
                </argument>
            </argumentList>
        </action>
        <action>
            <name>SetChannel</name>
            <argumentList>
                <argument>
                    <name>NewChannel</name>
                    <direction>in</direction>
                    <relatedStateVariable>Channel</relatedStateVariable>
                </argument>
            </argumentList>
        </action>
        <action>
            <name>GetChannelInfo</name>
            <argumentList>
                <argument>
                    <name>NewChannel</name>
                    <direction>out</direction>
                    <relatedStateVariable>Channel</relatedStateVariable>
                </argument>
                <argument>
                    <name>NewPossibleChannels</name>
                    <direction>out</direction>
                 <relatedStateVariable>PossibleChannels</relatedStateVariable>
                </argument>
            </argumentList>
        </action>
        <action>
            <Optional />
            <name>GetChannelsInUse</name>
            <argumentList>
                <argument>
                    <name>NewChannelsInUse</name>
                    <direction>out</direction>
                    <relatedStateVariable>ChannelsInUse</relatedStateVariable>
                </argument>
            </argumentList>
        </action>
        <action>
            <Optional />
            <name>SetDeviceOperationMode</name>
            <argumentList>
                <argument>
                    <name>NewDeviceOperationMode</name>
                    <direction>in</direction>
                  <relatedStateVariable>DeviceOperationMode</relatedStateVariable>
                </argument>
                <argument>
                    <name>NewSSID</name>
                    <direction>in</direction>
                  <relatedStateVariable>SSID</relatedStateVariable>
                </argument>
                <argument>
                    <name>NewBSSID</name>
                    <direction>in</direction>
                  <relatedStateVariable>PeerBSSID</relatedStateVariable>
                </argument>
                <argument>
                    <name>NewChannel</name>
                    <direction>in</direction>
                  <relatedStateVariable>Channel</relatedStateVariable>
                </argument>
                <argument>
                    <name>NewBasicDataTransmitRates</name>
                    <direction>in</direction>
                  <relatedStateVariable>BasicDataTransmitRates</relatedStateVariable>
                </argument>
                <argument>
                    <name>NewOperationalDataTransmitRates</name>
                    <direction>in</direction>
             <relatedStateVariable>OperationalDataTransmitRates</relatedStateVariable>
                </argument>
                <argument>
                    <name>NewDistanceFromRoot</name>
                    <direction>in</direction>
                  <relatedStateVariable>DistanceFromRoot</relatedStateVariable>
                </argument>
            </argumentList>
        </action>
        <action>
            <Optional />
            <name>GetDeviceOperationMode</name>
            <argumentList>
                <argument>
                    <name>NewDeviceOperationMode</name>
                    <direction>out</direction>
                  <relatedStateVariable>DeviceOperationMode</relatedStateVariable>
                </argument>
                <argument>
                    <name>NewSSID</name>
                    <direction>out</direction>
                  <relatedStateVariable>SSID</relatedStateVariable>
                </argument>
                <argument>
                    <name>NewBSSID</name>
                    <direction>out</direction>
                  <relatedStateVariable>PeerBSSID</relatedStateVariable>
                </argument>
                <argument>
                    <name>NewChannel</name>
                    <direction>out</direction>
                  <relatedStateVariable>Channel</relatedStateVariable>
                </argument>
                <argument>
                    <name>NewBasicDataTransmitRates</name>
                    <direction>out</direction>
                  <relatedStateVariable>BasicDataTransmitRates</relatedStateVariable>
                </argument>
                <argument>
                    <name>NewOperationalDataTransmitRates</name>
                    <direction>out</direction>
             <relatedStateVariable>OperationalDataTransmitRates</relatedStateVariable>
                </argument>
                <argument>
                    <name>NewDistanceFromRoot</name>
                    <direction>out</direction>
                  <relatedStateVariable>DistanceFromRoot</relatedStateVariable>
                </argument>
            </argumentList>
        </action>
        <action>
            <name>SetDataTransmitRates</name>
            <argumentList>
                <argument>
                    <name>NewBasicDataTransmitRates</name>
                    <direction>in</direction>
                <relatedStateVariable>BasicDataTransmitRates</relatedStateVariable>
                </argument>
                <argument>
                    <name>NewOperationalDataTransmitRates</name>
                    <direction>in</direction>
             <relatedStateVariable>OperationalDataTransmitRates</relatedStateVariable>
                </argument>
            </argumentList>
        </action>
        <action>
            <Optional />
            <name>GetByteStatistics</name>
            <argumentList>
                <argument>
                    <name>NewTotalBytesSent</name>
                    <direction>out</direction>
                    <relatedStateVariable>TotalBytesSent</relatedStateVariable>
                </argument>
                <argument>
                    <name>NewTotalBytesReceived</name>
                    <direction>out</direction>
                 <relatedStateVariable>TotalBytesReceived</relatedStateVariable>
                </argument>
            </argumentList>
        </action>
        <action>
            <name>GetPacketStatistics</name>
            <argumentList>
                <argument>
                    <name>NewTotalPacketsSent</name>
                    <direction>out</direction>
                    <relatedStateVariable>TotalPacketsSent</relatedStateVariable>
                </argument>
                <argument>
                    <name>NewTotalPacketsReceived</name>
                    <direction>out</direction>
                 <relatedStateVariable>TotalPacketsReceived</relatedStateVariable>
                </argument>
            </argumentList>
        </action>
        <action>
            <Optional />
            <name>GetByteStatsForAssociatedDev</name>
            <argumentList>
                <argument>
                    <name>NewAssociatedDeviceMACAddress</name>
                    <direction>in</direction>
           <relatedStateVariable>AssociatedDeviceMACAddress</relatedStateVariable>
                </argument>
                <argument>
                    <name>NewTotalBytesSent</name>
                    <direction>out</direction>
                    <relatedStateVariable>TotalBytesSent</relatedStateVariable>
                </argument>
                <argument>
                    <name>NewTotalBytesReceived</name>
                    <direction>out</direction>
                 <relatedStateVariable>TotalBytesReceived</relatedStateVariable>
                </argument>
            </argumentList>
        </action>
        <action>
            <Optional />
            <name>GetPacketStatsForAssociatedDev</name>
            <argumentList>
                <argument>
                    <name>NewAssociatedDeviceMACAddress</name>
                    <direction>in</direction>
           <relatedStateVariable>AssociatedDeviceMACAddress</relatedStateVariable>
                </argument>
                <argument>
                    <name>NewTotalPacketsSent</name>
                    <direction>out</direction>
                    <relatedStateVariable>TotalPacketsSent</relatedStateVariable>
                </argument>
                <argument>
                    <name>NewTotalPacketsReceived</name>
                    <direction>out</direction>
                 <relatedStateVariable>TotalPacketsReceived</relatedStateVariable>
                </argument>
            </argumentList>
        </action>
        <action>
            <name>GetTotalAssociations</name>
            <argumentList>
                <argument>
                    <name>NewTotalAssociations</name>
                    <direction>out</direction>
                <relatedStateVariable>TotalAssociations</relatedStateVariable>
                </argument>
            </argumentList>
        </action>
        <action>
            <name>GetGenericAssociatedDeviceInfo</name>
            <argumentList>
                <argument>
                    <name>NewAssociatedDeviceIndex</name>
                    <direction>in</direction>
                <relatedStateVariable>TotalAssociations</relatedStateVariable>
                </argument>
                <argument>
                    <name>NewAssociatedDeviceMACAddress</name>
                    <direction>out</direction>
           <relatedStateVariable>AssociatedDeviceMACAddress</relatedStateVariable>
                </argument>
                <argument>
                    <name>NewAssociatedDeviceIPAddress</name>
                    <direction>out</direction>
            <relatedStateVariable>AssociatedDeviceIPAddress</relatedStateVariable>
                </argument>
                <argument>
                    <name>NewAssociatedDeviceAuthState</name>
                    <direction>out</direction>
  <relatedStateVariable>AssociatedDeviceAuthState</relatedStateVariable>
                </argument>
            </argumentList>
        </action>
        <action>
            <name>GetSpecificAssociatedDeviceInfo</name>
            <argumentList>
                <argument>
                    <name>NewAssociatedDeviceMACAddress</name>
                    <direction>in</direction>
  <relatedStateVariable>AssociatedDeviceMACAddress</relatedStateVariable>
                </argument>
                <argument>
                    <name>NewAssociatedDeviceIPAddress</name>
                    <direction>out</direction>
  <relatedStateVariable>AssociatedDeviceIPAddress</relatedStateVariable>
                </argument>
                <argument>
                    <name>NewAssociatedDeviceAuthState</name>
                    <direction>out</direction>
  <relatedStateVariable>AssociatedDeviceAuthState</relatedStateVariable>
                </argument>
            </argumentList>
        </action>
        <action>
            <Optional />
            <name>GetSpecificAssociatedDev11iInfo</name>
            <argumentList>
                <argument>
                    <name>NewAssociatedDeviceMACAddress</name>
                    <direction>in</direction>
  <relatedStateVariable>AssociatedDeviceMACAddress</relatedStateVariable>
                </argument>
                <argument>
                    <name>NewLastRequestedUnicastCipher</name>
                    <direction>out</direction>
  <relatedStateVariable>LastRequestedUnicastCipher</relatedStateVariable>
                </argument>
                <argument>
                    <name>NewLastRequestedMulticastCipher</name>
                    <direction>out</direction>
  <relatedStateVariable>LastRequestedMulticastCipher</relatedStateVariable>
                </argument>
                <argument>
                    <name>NewIEEE11iAuthenticationMode</name>
                    <direction>out</direction>
  <relatedStateVariable>IEEE11iAuthenticationMode</relatedStateVariable>
                </argument>
                <argument>
                    <name>NewLastPMKId</name>
                    <direction>out</direction>
  <relatedStateVariable>LastPMKId</relatedStateVariable>
                </argument>
            </argumentList>
        </action>
        <action>
            <name>SetSecurityKeys</name>
            <argumentList>
                <argument>
                    <name>NewWEPKey0</name>
                    <direction>in</direction>
                    <relatedStateVariable>WEPKey</relatedStateVariable>
                </argument>
                <argument>
                    <name>NewWEPKey1</name>
                    <direction>in</direction>
                    <relatedStateVariable>WEPKey</relatedStateVariable>
                </argument>
                <argument>
                    <name>NewWEPKey2</name>
                    <direction>in</direction>
                    <relatedStateVariable>WEPKey</relatedStateVariable>
                </argument>
                <argument>
                    <name>NewWEPKey3</name>
                    <direction>in</direction>
                    <relatedStateVariable>WEPKey</relatedStateVariable>
                </argument>
                <argument>
                    <name>NewPreSharedKey</name>
                    <direction>in</direction>
                    <relatedStateVariable>PreSharedKey</relatedStateVariable>
                </argument>
                <argument>
                    <name>NewKeyPassphrase</name>
                    <direction>in</direction>
                    <relatedStateVariable>KeyPassphrase</relatedStateVariable>
                </argument>
            </argumentList>
        </action>
        <action>
            <name>GetSecurityKeys</name>
            <argumentList>
                <argument>
                    <name>NewWEPKey0</name>
                    <direction>out</direction>
                    <relatedStateVariable>WEPKey</relatedStateVariable>
                </argument>
                <argument>
                    <name>NewWEPKey1</name>
                    <direction>out</direction>
                    <relatedStateVariable>WEPKey</relatedStateVariable>
                </argument>
                <argument>
                    <name>NewWEPKey2</name>
                    <direction>out</direction>
                    <relatedStateVariable>WEPKey</relatedStateVariable>
                </argument>
                <argument>
                    <name>NewWEPKey3</name>
                    <direction>out</direction>
                    <relatedStateVariable>WEPKey</relatedStateVariable>
                </argument>
                <argument>
                    <name>NewPreSharedKey</name>
                    <direction>out</direction>
                    <relatedStateVariable>PreSharedKey</relatedStateVariable>
                </argument>
                <argument>
                    <name>NewKeyPassphrase</name>
                    <direction>out</direction>
                    <relatedStateVariable>KeyPassphrase</relatedStateVariable>
                </argument>
            </argumentList>
        </action>
        <action>
            <name>SetDefaultWEPKeyIndex</name>
            <argumentList>
                <argument>
                    <name>NewDefaultWEPKeyIndex</name>
                    <direction>in</direction>
                 <relatedStateVariable>WEPKeyIndex</relatedStateVariable>
                </argument>
            </argumentList>
        </action>
        <action>
            <name>GetDefaultWEPKeyIndex</name>
            <argumentList>
                <argument>
                    <name>NewDefaultWEPKeyIndex</name>
                    <direction>out</direction>
                 <relatedStateVariable>WEPKeyIndex</relatedStateVariable>
                </argument>
            </argumentList>
        </action>
        <action>
            <Optional />
            <name>SetPreSharedKey</name>
            <argumentList>
                <argument>
                    <name>NewPreSharedKeyIndex</name>
                    <direction>in</direction>
                    <relatedStateVariable>PreSharedKeyIndex</relatedStateVariable>
                </argument>
                <argument>
                    <name>NewAssociatedDeviceMACAddress</name>
                    <direction>in</direction>
  <relatedStateVariable>AssociatedDeviceMACAddress</relatedStateVariable>
                </argument>
                <argument>
                    <name>NewPreSharedKey</name>
                    <direction>in</direction>
                    <relatedStateVariable>PreSharedKey</relatedStateVariable>
                </argument>
                <argument>
                    <name>NewPSKPassphrase</name>
                    <direction>in</direction>
                    <relatedStateVariable>KeyPassphrase</relatedStateVariable>
                </argument>
            </argumentList>
        </action>
        <action>
            <Optional />
            <name>GetPreSharedKey</name>
            <argumentList>
                <argument>
                    <name>NewPreSharedKeyIndex</name>
                    <direction>in</direction>
                    <relatedStateVariable>PreSharedKeyIndex</relatedStateVariable>
                </argument>
                  <argument>
                    <name>NewAssociatedDeviceMACAddress</name>
                    <direction>out</direction>
  <relatedStateVariable>AssociatedDeviceMACAddress</relatedStateVariable>
                </argument>
              <argument>
                    <name>NewPreSharedKey</name>
                    <direction>out</direction>
                    <relatedStateVariable>PreSharedKey</relatedStateVariable>
                </argument>
                <argument>
                    <name>NewPSKPassphrase</name>
                    <direction>out</direction>
                    <relatedStateVariable>KeyPassphrase</relatedStateVariable>
                </argument>
            </argumentList>
        </action>
    <action attr="1">
            <name>SetBasBeaconSecurityProperties</name>
            <argumentList>
                <argument>
                    <name>NewBasicEncryptionModes</name>
                    <direction>in</direction>
                    <relatedStateVariable>BasicEncryptionModes</relatedStateVariable>
                </argument>
                <argument>
                    <name>NewBasicAuthenticationMode</name>
                    <direction>in</direction>
                    <relatedStateVariable>BasicAuthenticationMode</relatedStateVariable>
                </argument>
            </argumentList>
        </action>
        <action>
            <name>GetBasBeaconSecurityProperties</name>
            <argumentList>
                <argument>
                    <name>NewBasicEncryptionModes</name>
                    <direction>out</direction>
                    <relatedStateVariable>BasicEncryptionModes</relatedStateVariable>
                </argument>
                <argument>
                    <name>NewBasicAuthenticationMode</name>
                    <direction>out</direction>
                    <relatedStateVariable>BasicAuthenticationMode</relatedStateVariable>
                </argument>
            </argumentList>
        </action>
        <action>
            <name>SetWPABeaconSecurityProperties</name>
            <argumentList>
                <argument>
                    <name>NewWPAEncryptionModes</name>
                    <direction>in</direction>
                    <relatedStateVariable>WPAEncryptionModes</relatedStateVariable>
                </argument>
                <argument>
                    <name>NewWPAAuthenticationMode</name>
                    <direction>in</direction>
                    <relatedStateVariable>WPAAuthenticationMode</relatedStateVariable>
                </argument>
            </argumentList>
        </action>
        <action>
            <name>GetWPABeaconSecurityProperties</name>
            <argumentList>
                <argument>
                    <name>NewWPAEncryptionModes</name>
                    <direction>out</direction>
                    <relatedStateVariable>WPAEncryptionModes</relatedStateVariable>
                </argument>
                <argument>
                    <name>NewWPAAuthenticationMode</name>
                    <direction>out</direction>
                    <relatedStateVariable>WPAAuthenticationMode</relatedStateVariable>
                </argument>
            </argumentList>
        </action>
        <action>
            <Optional />
            <name>Set11iBeaconSecurityProperties</name>
            <argumentList>
                <argument>
                    <name>NewIEEE11iEncryptionModes</name>
                    <direction>in</direction>
                    <relatedStateVariable>IEEE11iEncryptionModes</relatedStateVariable>
                </argument>
                <argument>
                    <name>NewIEEE11iAuthenticationMode</name>
                    <direction>in</direction>
                    <relatedStateVariable>IEEE11iAuthenticationMode</relatedStateVariable>
                </argument>
            </argumentList>
        </action>
        <action>
            <Optional />
            <name>Get11iBeaconSecurityProperties</name>
            <argumentList>
                <argument>
                    <name>NewIEEE11iEncryptionModes</name>
                    <direction>out</direction>
                    <relatedStateVariable>IEEE11iEncryptionModes</relatedStateVariable>
                </argument>
                <argument>
                    <name>NewIEEE11iAuthenticationMode</name>
                    <direction>out</direction>
                    <relatedStateVariable>IEEE11iAuthenticationMode</relatedStateVariable>
                </argument>
            </argumentList>
        </action>
        <action>
            <Optional />
            <name>FactoryDefaultReset</name>
        </action>
        <action>
            <name>ResetAuthentication</name>
        </action>
    </actionList>
</scpd>