<?xml version="1.0"?>
<scpd xmlns="urn:schemas-upnp-org:service-1-0">
<specVersion>
<major>1</major>
<minor>0</minor>
</specVersion>
<actionList>
<action>
<name>GetPersistentData</name>
<argumentList>
<argument>
<name>NewPersistentData</name>
<direction>out</direction>
<relatedStateVariable>PersistentData</relatedStateVariable>
</argument>
</argumentList>
</action>
<action>
<name>SetPersistentData</name>
<argumentList>
<argument>
<name>NewPersistentData</name>
<direction>in</direction>
<relatedStateVariable>PersistentData</relatedStateVariable>
</argument>
</argumentList>
</action>
<action>
<name>ConfigurationStarted</name>
<argumentList>
<argument>
<name>NewSessionID</name>
<direction>in</direction>
<relatedStateVariable>A_ARG_TYPE_UUID</relatedStateVariable>
</argument>
</argumentList>
</action>
<action>
<name>ConfigurationFinished</name>
<argumentList>
<argument>
<name>NewStatus</name>
<direction>out</direction>
<relatedStateVariable>A_ARG_TYPE_Status</relatedStateVariable>
</argument>
</argumentList>
</action>
<action>
<name>FactoryReset</name>
</action>
<action>
<name>Reboot</name>
</action>
<action>
<name>GetSecurityPort</name>
<argumentList>
<argument>
<name>NewSecurityPort</name>
<direction>out</direction>
<relatedStateVariable>SecurityPort</relatedStateVariable>
</argument>
</argumentList>
</action>
</actionList>
<serviceStateTable>
<stateVariable sendEvents="no">
<name>PersistentData</name>
<dataType>string</dataType>
</stateVariable>
<stateVariable sendEvents="no">
<name>A_ARG_TYPE_Status</name>
<dataType>string</dataType>
</stateVariable>
<stateVariable sendEvents="no">
<name>A_ARG_TYPE_UUID</name>
<dataType>string</dataType>
</stateVariable>
<stateVariable sendEvents="no">
<name>SecurityPort</name>
<dataType>string</dataType>
</stateVariable>
</serviceStateTable>
</scpd>
