<?xml version="1.0"?>
<scpd xmlns="urn:schemas-upnp-org:service-1-0">
<specVersion>
<major>1</major>
<minor>0</minor>
</specVersion>
<actionList>
<action>
<name>SetDSLLinkType</name>
<argumentList>
<argument>
<name>NewLinkType</name>
<direction>in</direction>
<relatedStateVariable>LinkType</relatedStateVariable>
</argument>
</argumentList>
</action>
<action>
<name>GetDSLLinkInfo</name>
<argumentList>
<argument>
<name>NewLinkType</name>
<direction>out</direction>
<relatedStateVariable>LinkType</relatedStateVariable>
</argument>
<argument>
<name>NewLinkStatus</name>
<direction>out</direction>
<relatedStateVariable>LinkStatus</relatedStateVariable>
</argument>
</argumentList>
</action>
<action>
<name>GetAutoConfig</name>
<argumentList>
<argument>
<name>NewAutoConfig</name>
<direction>out</direction>
<relatedStateVariable>AutoConfig</relatedStateVariable>
</argument>
</argumentList>
</action>
<action>
<name>GetModulationType</name>
<argumentList>
<argument>
<name>NewModulationType</name>
<direction>out</direction>
<relatedStateVariable>ModulationType</relatedStateVariable>
</argument>
</argumentList>
</action>
<action>
<name>SetDestinationAddress</name>
<argumentList>
<argument>
<name>NewDestinationAddress</name>
<direction>in</direction>
<relatedStateVariable>DestinationAddress</relatedStateVariable>
</argument>
</argumentList>
</action>
<action>
<name>GetDestinationAddress</name>
<argumentList>
<argument>
<name>NewDestinationAddress</name>
<direction>out</direction>
<relatedStateVariable>DestinationAddress</relatedStateVariable>
</argument>
</argumentList>
</action>
<action>
<name>SetATMEncapsulation</name>
<argumentList>
<argument>
<name>NewATMEncapsulation</name>
<direction>in</direction>
<relatedStateVariable>ATMEncapsulation</relatedStateVariable>
</argument>
</argumentList>
</action>
<action>
<name>GetATMEncapsulation</name>
<argumentList>
<argument>
<name>NewATMEncapsulation</name>
<direction>out</direction>
<relatedStateVariable>ATMEncapsulation</relatedStateVariable>
</argument>
</argumentList>
</action>
<action>
<name>SetFCSPreserved</name>
<argumentList>
<argument>
<name>NewFCSPreserved</name>
<direction>in</direction>
<relatedStateVariable>FCSPreserved</relatedStateVariable>
</argument>
</argumentList>
</action>
<action>
<name>GetFCSPreserved</name>
<argumentList>
<argument>
<name>NewFCSPreserved</name>
<direction>out</direction>
<relatedStateVariable>FCSPreserved</relatedStateVariable>
</argument>
</argumentList>
</action>
<!-- Declarations for other actions added by UPnP vendor (if any) go here -->
</actionList>
<serviceStateTable>
<stateVariable sendEvents="no">
<name>LinkType</name>
<dataType>string</dataType>
<allowedValueList>
<allowedValue>EoA</allowedValue>
<allowedValue>IPoA</allowedValue>
<allowedValue>CIP</allowedValue>
<allowedValue>PPPoA</allowedValue>
<allowedValue>PPPoE</allowedValue>
<allowedValue>Unconfigured</allowedValue>
</allowedValueList>
</stateVariable>
<stateVariable sendEvents="no">
<name dftValue="Up">LinkStatus</name>
<dataType>string</dataType>
<allowedValueList>
<allowedValue>Up</allowedValue>
<allowedValue>Down</allowedValue>
<allowedValue>Initializing</allowedValue>
<allowedValue>Unavailable</allowedValue>
</allowedValueList>
</stateVariable>
<stateVariable sendEvents="no">
<name>ModulationType</name>
<dataType>string</dataType>
<allowedValueList>
<allowedValue>ADSL G.lite</allowedValue>
<allowedValue>G.shdsl</allowedValue>
<allowedValue>IDSL</allowedValue>
<allowedValue>HDSL</allowedValue>
<allowedValue>SDSL</allowedValue>
<allowedValue>VDSL</allowedValue>
</allowedValueList>
</stateVariable>
<stateVariable sendEvents="no">
<name>DestinationAddress</name>
<dataType>string</dataType>
</stateVariable>
<stateVariable sendEvents="no">
<name>ATMEncapsulation</name>
<dataType>string</dataType>
<allowedValueList>
<allowedValue>LLC</allowedValue>
<allowedValue>VCMUX</allowedValue>
</allowedValueList>
</stateVariable>
<stateVariable sendEvents="no">
<name>FCSPreserved</name>
<dataType>boolean</dataType>
</stateVariable>
<stateVariable sendEvents="no">
<name dftValue="0">AutoConfig</name>
<dataType>boolean</dataType>
</stateVariable>
</serviceStateTable>
</scpd>
